title;start;copyConfigFrom;CES_parameters;slurmConfig;regionmapping;extramappings_historic;cm_rcp_scen;subsidizeLearning;cm_prtpScen;capitalMarket;cm_iterative_target_adj;cm_budgetCO2from2020;cm_budgetCO2_absDevTol;carbonprice;cm_taxCO2_functionalForm;cm_taxCO2_startyear;cm_peakBudgYr;cm_taxCO2_IncAfterPeakBudgYr;cm_taxCO2_regiDiff;cm_taxCO2_regiDiff_endYr;cm_emiscen;c_regi_earlyreti_rate;c_tech_earlyreti_rate;cm_fetaxscen;cm_bioenergy_SustTax;cm_33EW;cm_33DAC;cm_33OAE;cm_33_OAE_limit_EEZ;cm_frac_NetNegEmi;c_ccsinjecratescen;c_ccscapratescen;cm_CESMkup_build;cm_wasteIncinerationCCSshare;techpol;regipol;cm_implicitQttyTarget;cm_emiMktTarget;cm_NucRegiPol;cm_CoalRegiPol;cm_altFeEmiFac;cm_GDPpopScen;cm_demScen;cm_oil_scen;cm_gas_scen;cm_coal_scen;c_techAssumptScen;cm_nucscen;cm_so2tax_scen;cm_multigasscen;cm_LU_emi_scen;cm_tradecostBio;cm_maxProdBiolc;cm_1stgen_phaseout;c_SSP_forcing_adjust;cm_APscen;cm_EDGEtr_scen;c_changeProdCost;cm_startyear;path_gdx;path_gdx_ref;path_gdx_bau;path_gdx_refpolicycost;description
# H12 SSP2;;;;;;;;;;;;;;;;;;;;;;;;;;;;;;;;;;;;;;;;;;;;;;;;;;;;;;;;;;;;;;;;
SSP2-NDC;0;;;;;;;globallyOptimal;;;3;;;NDC;;;;;;;;;;;;;;;;;;;;;NDC;;2030.EUR_regi.tax.t.FE_wo_b_wo_n_e.all 1.2809;2020.2030.EUR_regi.all.year.netGHG_LULUCFGrassi 2.450;;;;;;;;;;;;;;;;;;;;1;2030;;SSP2-NPi2025;SSP2-NPi;SSP2-NPi2025;SSP2-NDC: This Nationally Determined Contribution (NDC) scenario follows the Shared Socioeconomic Pathways 2 called Middle of the Road. It assumes NPi2025 until 2025 and has start year 2030. The NDC includes all pledged policies even if not yet implemented. It assumes that the moderate and heterogeneous climate ambition reflected in the NDCs at the begining of 2021 continues over the 21st century.
SSP2-NDCsy2025;0;;;;;;;globallyOptimal;;;3;;;NDC;;;;;;;;;;;;;;;;;;;;;NDC;;2030.EUR_regi.tax.t.FE_wo_b_wo_n_e.all 1.2809;2020.2030.EUR_regi.all.year.netGHG_LULUCFGrassi 2.450;;;;;;;;;;;;;;;;;;;;5;2025;;SSP2-NPi;SSP2-NPi;SSP2-NPi2025;SSP2-NDCsy2025: This Nationally Determined Contribution (NDC) scenario follows the Shared Socioeconomic Pathways 2 called Middle of the Road. It assumes NPi until 2020 and has start year 2025.The NDC includes all pledged policies even if not yet implemented. It assumes that the moderate and heterogeneous climate ambition reflected in the NDCs at the begining of 2021 continues over the 21st century.
SSP2-NPi;0;;;;;;;;;;0;;;NPi;;;;;;;;;;;;;;;;;;;;;NPi2018;;;;;;;;;;;;;;;;;;;;;;Mix1;;2005;;;;;SSP2-NPi: This National Policies Implemented (NPi) scenario follows the Shared Socioeconomic Pathways 2 called Middle of the Road. The NPi assumes that policies fail to achieve NDC targets in 2030. Instead, carbon prices are assumed to grow and converge more slowly, leading to emissions trajectories in line with bottom-up studies on the effect of currently implemented policies.
SSP2-NPi2025;1;;;;;;;;;;0;;;;;;;;;;;;;;;;;;;;;;;;;;;;;;;;;;;;;;;;;;;;;;;;2005;;;;;SSP2-NPi2025: This National Policies Implemented (NPi) scenario follows the Shared Socioeconomic Pathways 2 called Middle of the Road. The NPi assumes that policies fail to achieve NDC targets in 2030. Instead, carbon prices are assumed to grow and converge more slowly, leading to emissions trajectories in line with bottom-up studies on the effect of currently implemented policies.
SSP2-PkBudg500;0;;;;;;rcp20;globallyOptimal;;;9;500;;functionalForm;;200;2045;;;;;;;;;;;;;;;;;2050.GLO 0.9;NDC;;2030.EUR_regi.tax.t.FE_wo_b_wo_n_e.all 1.2809;;;;;;;;;;;;;2;;;;;;;Mix4ICEban;1;2030;;SSP2-NPi2025;;SSP2-NPi2025;SSP2-PkBudg500: This climate policy scenario follows the Shared Socioeconomic Pathways 2 called Middle of the Road. The stylized climate policy scenario assumes a peak budget of 500 Gt CO2 on total CO2 emissions from 2015 to 2100. This is a 1.5C scenario, peak warming is allowed to be well below 1.5C at median climate sensitivity but returns to values below 1.5C in at least 67 % of scenarios by the end of the century.
SSP2-PkBudg650;0;;;;;;rcp20;globallyOptimal;;;9;650;;functionalForm;;100;2055;;;;;;;;;;;;;;;;;2050.GLO 0.9;NDC;;2030.EUR_regi.tax.t.FE_wo_b_wo_n_e.all 1.2809;;;;;;;;;;;;;2;;;;;;;Mix4ICEban;1;2030;;SSP2-NPi2025;;SSP2-NPi2025;SSP2-PkBudg650: This climate policy scenario follows the Shared Socioeconomic Pathways 2 called Middle of the Road. The stylized climate policy scenario assumes a peak budget of 650 Gt CO2 on total CO2 emissions from 2015 to 2100. This is a 1.5C scenario, peak warming is allowed to be at or slightly above 1.5C at median climate sensitivity but returns to values below 1.5C in at least 67 % of scenarios by the end of the century.
SSP2-PkBudg1000;0;;;;;;rcp26;globallyOptimal;;;9;1000;;functionalForm;;75;2080;;;;;;;;;;;;;;;;;2050.GLO 0.5;NDC;;2030.EUR_regi.tax.t.FE_wo_b_wo_n_e.all 1.2809;;;;;;;;;;;;;2;;;;;;;Mix3ICEban;1;2030;;SSP2-NPi2025;;SSP2-NPi2025;SSP2-PkBudg1050: This climate policy scenario follows the Shared Socioeconomic Pathways 2 called Middle of the Road. The stylized climate policy scenario assumes a peak budget of 1150 Gt CO2 on total CO2 emissions from 2015 to 2100. This is a well below 2C scenario at median climate sensitivity but returns to values below 2C in at least 67 % of scenarios during the whole century.
SSP2-EcBudg400;0;;;;;;rcp26;globallyOptimal;;;5;400;5;functionalForm;exponential;70;;;initialSpread20;GLO 2070;;;;;;1;;1;5000;0;;;;2060.GLO 0.9;NDC;;;;;;;;;;;;;;;2;;;300;;;;Mix3ICEban;1;2035;;SSP2-NPi2025;;SSP2-NPi2025;SSP2-EcBudg400: This climate policy scenario follows the Shared Socioeconomic Pathways 2 called Middle of the Road. The stylized climate policy scenario assumes an end-of-century budget of 400 Gt CO2 on total CO2 emissions from 2020 to 2100. This is a high overshoot scenario with delayed climate policy.
# RESCUE-Tier2;;;;;;;;;;;;;;;;;;;;;;;;;;;;;;;;;;;;;;;;;;;;;;;;;;;;;;;;;;;;;;;;
RESCUE-Tier2-loOS-def;1;;;;;;rcp20;globallyOptimal;;;5;500;10;functionalForm;linear;150;2050;0;initialSpread10;GLO 2050;;;;;;1;1;1;5000;0.75;;;;2050.GLO 0.9;NDC;;2030.EUR_regi.tax.t.FE_wo_b_wo_n_e.all 1.2809;;;;;;;;;;;;;2;;;;;;;Mix4ICEban;1;2030;;SSP2-NPi2025;;SSP2-NPi2025;RESCUE-Tier2 low OS scenario with default settings
RESCUE-Tier2-hiOS-def;1;;;;;;rcp20;globallyOptimal;;;5;500;10;functionalForm;exponential;30;2100;0;initialSpread20;GLO 2050;;;;;;1;1;1;5000;0;;;;2060.GLO 0.9;NDC;;2030.EUR_regi.tax.t.FE_wo_b_wo_n_e.all 1.2809;;;;;;;;;;;;;2;;;;;;;Mix3ICEban;1;2035;;SSP2-NPi2025;;SSP2-NPi2025;RESCUE-Tier2 high OS scenario with default settings
RESCUE-Tier2-loOS-ARoff;1;RESCUE-Tier2-loOS-def;;;;;;;;;;;;;;;;;;;;;;;;;;;;;;;;;;;;;;;;;;;;;;;;;;;;;;;;;;;;;;RESCUE-Tier2 low OS scenario without afforestation and reforestation
RESCUE-Tier2-hiOS-ARoff;1;RESCUE-Tier2-hiOS-def;;;;;;;;;;;;;;;;;;;;;;;;;;;;;;;;;;;;;;;;;;;;;;;;;;;;;;;;;;;;;;RESCUE-Tier2 high OS scenario without afforestation and reforestation
RESCUE-Tier2-loOS-ESPoff;1;RESCUE-Tier2-loOS-def;;;;;;;;;;;;;;;;;;;;;;;;;;;;;;;;;;;;;;;;;;;;;;;;;;;;;;;;;;;;;;RESCUE-Tier2 low OS scenario without ecosystem protection and restoration
RESCUE-Tier2-hiOS-ESPoff;1;RESCUE-Tier2-hiOS-def;;;;;;;;;;;;;;;;;;;;;;;;;;;;;;;;;;;;;;;;;;;;;;;;;;;;;;;;;;;;;;RESCUE-Tier2 high OS scenario without ecosystem protection and restoration
RESCUE-Tier2-loOS-DACoff_EWoff;1;RESCUE-Tier2-loOS-def;;;;;;;;;;;;;;;;;;;;;;;;0;0;;;;;;;;;;;;;;;;;;;;;;;;;;;;;;;;;;;;;RESCUE-Tier2 low OS scenario without DAC and EW
RESCUE-Tier2-hiOS-DACoff_EWoff;1;RESCUE-Tier2-hiOS-def;;;;;;;;;;;;;;;;;;;;;;;;0;0;;;;;;;;;;;;;;;;;;;;;;;;;;;;;;;;;;;;;RESCUE-Tier2 high OS scenario without DAC and EW
RESCUE-Tier2-loOS-conv2070;1;RESCUE-Tier2-loOS-def;;;;;;;;;;;;;;;;;;GLO 2070;;;;;;;;;;;;;;;;;;;;;;;;;;;;;;;;;;;;;;;;;;;;RESCUE-Tier2 low OS scenario with extended carbon price convergence until 2070
RESCUE-Tier2-hiOS-conv2070;1;RESCUE-Tier2-hiOS-def;;;;;;;;;;;;;;;;;;GLO 2070;;;;;;;;;;;;;;;;;;;;;;;;;;;;;;;;;;;;;;;;;;;;RESCUE-Tier2 high OS scenario with extended carbon price convergence until 2070
